delta_stability_encom,ddg_prediction,mutation,delta_vibrational_entropy
0.959,0.364,C235K,-1.198
-0.107,-0.159,K213N,0.134
0.438,1.585,V19K,-0.547
0.034,-0.324,T201S,-0.042
0.055,0.497,Q50K,-0.068
-0.048,0.239,K220N,0.06
-0.016,0.039,S46K,0.02
0.053,-0.06,L21K,-0.067
-0.722,-0.06,P240K,0.902
-0.031,0.079,T22K,0.039
0.036,-0.583,V133K,-0.045
0.27,0.39,A128K,-0.337
-0.234,-1.971,I233K,0.292
-0.243,0.025,K248Q,0.304
-0.065,-0.146,N48K,0.081
1.071,1.511,S131K,-1.338
-0.475,-0.833,R129K,0.593
0.105,1.325,S15A,-0.132
-0.241,-0.244,S230K,0.302
0.009,0.226,Q6K,-0.011
0.21,-1.12,V8K,-0.263
0.098,-0.616,I51K,-0.123
0.409,1.734,S132K,-0.511
-0.245,0.279,D145N,0.307
-0.146,-0.451,A4K,0.183
